<?xml version="1.0" encoding="UTF-8"?>
<beans:beans xmlns="http://www.springframework.org/schema/mvc"
	xmlns:xsi="http://www.w3.org/2001/XMLSchema-instance"
	xmlns:beans="http://www.springframework.org/schema/beans"
	xmlns:context="http://www.springframework.org/schema/context"
	xmlns:security="http://www.springframework.org/schema/security" 
	xsi:schemaLocation="http://www.springframework.org/schema/mvc https://www.springframework.org/schema/mvc/spring-mvc.xsd
		http://www.springframework.org/schema/beans https://www.springframework.org/schema/beans/spring-beans.xsd
		http://www.springframework.org/schema/context https://www.springframework.org/schema/context/spring-context.xsd
		http://www.springframework.org/schema/security 
		http://www.springframework.org/schema/security/spring-security-4.2.xsd">
<!-- servlet-context.xml : 스프링 웹(view) 설정 파일
	뷰(JSP 웹 페이지)와 관련 있는 빈(bean) 객체를 설정함. 즉, 컨트롤러, MultipartResolver
	, Interceptor, URI와 관련 설정을 담는 클래스를 설정함
 -->
	<!-- DispatcherServlet Context: defines this servlet's request-processing infrastructure -->
	
	<!-- Enables the Spring MVC @Controller programming model -->
	<annotation-driven />

	<!--이미지 파일 업로드 설정  -->
	<beans:bean id="multipartResolver"  class="org.springframework.web.multipart.support.StandardServletMultipartResolver"/>

	<!-- Handles HTTP GET requests for /resources/** by efficiently serving up static resources in the ${webappRoot}/resources directory -->
	<!-- static folder설정(정적 폴더 설정)=>css, images, upload, js 
	서버에서 앞서 처리될 필요가 없는 정적 리소스 파일을 처리하는 역할 수행
	웹 애플리케이션의 물리적 경로 이름을 설정하고 이 경로에 정적 리소스 파일들을 저장하면
	소스 코드나 웹 브라우저의 주소창에서 해당 리소스의 경로를 사용하여 직접 접속할 수 있음
	정적 리소스란 클라이언트에서 요청이 들어왔을 때 요청 리소스가 이미 만들어져 있어 그대로 응답하는 것
	mapping : 웹 요청 경로 패턴을 설정. 컨텍스트 경로를 제외한 나머지 부분의 경로와 매핑
	location : 웹 애플리케이션 내에서 실제 요청 경로의 패턴에 해당하는 자원 위치를 설정. 위치가 여러 곳이면 각 위치를 쉼표로 구분
	-->
	<!-- http://localhost/resources/ -->
	<resources mapping="/resources/**" location="/resources/" />
	<resources mapping="/team4/**" location="file:///d:/team4/" />

	<!-- Resolves views selected for rendering by @Controllers to .jsp resources in the /WEB-INF/views directory -->
	<!-- setOrder("2") => tiles를 작동한 후에 ViewResolver를 작동하겠다라는 의미
	사용자에게 응답 결과를 보여 주려고 컨트롤러가 모델을 반환하고 디스패처 서블릿이 JSP 파일을 찾을 수 있음
	
	컨트롤러에서 설정한 뷰 이름으로 실제 사용할 뷰를 선택하는 뷰 리졸버 객체를 생성
	컨트롤러가 설정한 뷰 이름 앞뒤로 prefix 프로퍼티와 suffix 프로퍼티를 추가한 값이 실제로 사용될 뷰의 경로가 됨. 
	 -->
	<beans:bean class="org.springframework.web.servlet.view.InternalResourceViewResolver">
		<beans:property name="prefix" value="/WEB-INF/views/" />
		<beans:property name="suffix" value=".jsp" />
		<beans:property name="order"  value="2" />
	</beans:bean>
	
	<!-- Tiles 설정 시작 -->
	<beans:bean id="tilesConfigurer" 
		class="org.springframework.web.servlet.view.tiles3.TilesConfigurer">
		<beans:property name="definitions">
			<beans:list>
				<beans:value>/WEB-INF/spring/tiles-config.xml</beans:value>
			</beans:list>
		</beans:property>
	</beans:bean>
	<!-- UrlBasedViewResolver tilesViewResolver = new UrlBasedViewResolver(); -->
	<beans:bean id="tilesViewResolver" 
		class="org.springframework.web.servlet.view.UrlBasedViewResolver">
		<beans:property name="viewClass" 
		value="org.springframework.web.servlet.view.tiles3.TilesView" />
		<beans:property name="order" value="1" />
	</beans:bean>
	<!-- Tiles 설정 끝 -->
	
	<context:component-scan base-package="com.team4.cbs" />	
	
	<!-- 스프링 시큐리티 애너테이션을 활성화
	 - pre-post-annotations="enabled" -> 골뱅이PreAuthorize, 골뱅이PostAuthorize 활성화
	   *** PreAuthorize : 특정 메소드를 실행하기 전에 role 체킹
	   PostAuthorize : 특정 메소드를 실행한 후에 role 체킹
	 - secured-annotations="enabled" -> 골뱅이Secured를 활성화
	   Secured : 스프링 시큐리티 모듈을 지원하기 위한 애너테이션
	 -->
	 <!--@PreAuthorize, @PostAuthorize, @Secured 사용을 위한 설정  
	 	@PreAuthorize: 메서드가 실행되기 전에 인증을 거친다.
		@PostAuthorize: 메서드가 실행되고 나서 응답을 보내기 전에 인증을 거친다.
	 -->
	<security:global-method-security pre-post-annotations="enabled" secured-annotations="enabled" />
	
</beans:beans>

	

	