<?xml version="1.0" encoding="UTF-8"?>
<!DOCTYPE mapper PUBLIC "-//mybatis.org//DTD Mapper 3.0//EN" "http://mybatis.org/dtd/mybatis-3-mapper.dtd">
<mapper namespace="com.team4.cbs.pbsvnt.quar.mapper.QuarMapper">
   <!-- 기본 리스트 + 페이징 -->
   <select id="list" parameterType="hashMap">
   
   WITH T AS(
      SELECT ROWNUM RNUM,
      Q.PBSVNT_CD,
      Q.QRANT_REQUEST_CD,
      Q.ENTR_MANAGE_NO,
      Q.GOODS_NO,
      I.ALL_QRANT_JUDG,
      E.THING_NM,
      Q.REQUST_DE,
      Q.REQUST_PLACE,
      Q.QRANT_RESULT_AT
      FROM
      QUARANTINE_REQUEST Q
      JOIN
      ENTRY_THING E ON Q.GOODS_NO = E.GOODS_NO
      AND Q.ENTR_MANAGE_NO = E.ENTR_MANAGE_NO
      AND Q.CSTMR_CD = E.CSTMR_CD
      JOIN
      GOODS G ON Q.GOODS_NO = G.GOODS_NO
      LEFT JOIN
      (SELECT
      QRANT_REQUEST_CD,
      ALL_QRANT_JUDG,
      ROW_NUMBER() OVER (PARTITION BY QRANT_REQUEST_CD ORDER BY CASE WHEN ALL_QRANT_JUDG
      = '부적합' THEN 0 ELSE 1 END) AS rn
      FROM
      QUARANTINE_ITEM) I ON Q.QRANT_REQUEST_CD = I.QRANT_REQUEST_CD AND I.rn = 1
      WHERE
      Q.PBSVNT_CD = #{id}
            <if test="keyword!=null and keyword!=''">
         <if test="searchList==''">
            AND (
            Q.QRANT_REQUEST_CD LIKE '%' || #{keyword} || '%'
            OR Q.ENTR_MANAGE_NO LIKE '%' || #{keyword} || '%'
            OR Q.GOODS_NO LIKE '%' || #{keyword} || '%'
            OR I.ALL_QRANT_JUDG LIKE '%' || #{keyword} || '%'
            OR THING_NM LIKE '%' || #{keyword} || '%'
            OR Q.REQUST_DE LIKE '%' || #{keyword} || '%'
            OR Q.REQUST_PLACE LIKE '%' || #{keyword} || '%'
            OR Q.QRANT_RESULT_AT LIKE '%' || #{keyword} || '%'
            )
         </if>
         <if test="searchList!=''">
            AND ${searchList} LIKE '%' || #{keyword} || '%'
         </if>
      </if>
      ORDER BY REQUST_DE DESC, QRANT_REQUEST_CD DESC
      
      ),TT AS (
             SELECT 
                 ROW_NUMBER() OVER(ORDER BY T.REQUST_DE DESC) as PAGE_RNUM,
                 T.*
             FROM T
         )        SELECT  * FROM TT WHERE TT.PAGE_RNUM BETWEEN ((#{currentPage}*10) - 9) AND (#{currentPage}*10)

   </select>

   <!-- 기본 리스트 페이징 숫자 데이터 -->
   <select id="getTotal3">
      SELECT COUNT(*)

      FROM
      QUARANTINE_REQUEST Q
      JOIN
      ENTRY_THING E ON Q.GOODS_NO = E.GOODS_NO
      AND Q.ENTR_MANAGE_NO = E.ENTR_MANAGE_NO
      AND Q.CSTMR_CD = E.CSTMR_CD
      JOIN
      GOODS G ON Q.GOODS_NO = G.GOODS_NO
      LEFT JOIN
      (SELECT
      QRANT_REQUEST_CD,
      ALL_QRANT_JUDG,
      ROW_NUMBER() OVER (PARTITION BY QRANT_REQUEST_CD ORDER BY CASE WHEN ALL_QRANT_JUDG
      = '부적합' THEN 0 ELSE 1 END) AS rn
      FROM
      QUARANTINE_ITEM) I ON Q.QRANT_REQUEST_CD = I.QRANT_REQUEST_CD AND I.rn = 1
      WHERE
      Q.PBSVNT_CD = #{id}

      <if test="keyword!=null and keyword!=''">
         <if test="searchList==''">
            AND (
            Q.QRANT_REQUEST_CD LIKE '%' || #{keyword} || '%'
            OR Q.ENTR_MANAGE_NO LIKE '%' || #{keyword} || '%'
            OR Q.GOODS_NO LIKE '%' || #{keyword} || '%'
            OR I.ALL_QRANT_JUDG LIKE '%' || #{keyword} || '%'
            OR THING_NM LIKE '%' || #{keyword} || '%'
            OR Q.REQUST_DE LIKE '%' || #{keyword} || '%'
            OR Q.REQUST_PLACE LIKE '%' || #{keyword} || '%'
            OR Q.QRANT_RESULT_AT LIKE '%' || #{keyword} || '%'
            )
         </if>
         <if test="searchList!=''">
            AND ${searchList} LIKE '%' || #{keyword} || '%'
         </if>
      </if>
   </select>

<!-- 검역 배정 리스트 -->
   <select id="getStartList" parameterType="hashMap">
      WITH T AS (
      SELECT
      ROW_NUMBER() OVER (ORDER BY Q.REQUST_DE) AS RNUM,
      Q.QRANT_REQUEST_CD,
      Q.ENTR_MANAGE_NO,
      NULL AS USER_NM,
      Q.GOODS_NO,
      E.THING_NM,
      Q.REQUST_DE,
      Q.REQUST_PLACE,
      Q.QRANT_RESULT_AT
      FROM
      QUARANTINE_REQUEST Q
      JOIN
      ENTRY_THING E ON Q.GOODS_NO = E.GOODS_NO
      AND Q.ENTR_MANAGE_NO = E.ENTR_MANAGE_NO
      AND Q.CSTMR_CD = E.CSTMR_CD
      JOIN
      GOODS G ON Q.GOODS_NO = G.GOODS_NO
      LEFT JOIN
      USERR U ON Q.PBSVNT_CD = U.USER_CD
      WHERE
      Q.PBSVNT_CD IS NULL
      <if test="keyword!=null and keyword!=''">
         <if test="searchList==''">
            AND (
            Q.QRANT_REQUEST_CD LIKE '%' || #{keyword} || '%'
            OR Q.ENTR_MANAGE_NO LIKE '%' || #{keyword} || '%'
            OR Q.GOODS_NO LIKE '%' || #{keyword} || '%'
            OR THING_NM LIKE '%' || #{keyword} || '%'
            OR Q.REQUST_DE LIKE '%' || #{keyword} || '%'
            OR Q.REQUST_PLACE LIKE '%' || #{keyword} || '%'
            OR Q.QRANT_RESULT_AT LIKE '%' || #{keyword} || '%'
            )
         </if>
         <if test="searchList!=''">
            AND ${searchList} LIKE '%' || #{keyword} || '%'
         </if>
      </if> ORDER BY QRANT_REQUEST_CD DESC, REQUST_DE DESC
      )
      SELECT * FROM T
      WHERE RNUM BETWEEN (#{currentPage} * 10) - (10 - 1) AND (#{currentPage} *
      10)
   </select>
 
 <!-- 검역 배정 리스트 페이징 --> 
      <select id="getTotal2">
      SELECT COUNT(*)

      FROM
      QUARANTINE_REQUEST Q
      JOIN
      ENTRY_THING E ON Q.GOODS_NO = E.GOODS_NO
      AND Q.ENTR_MANAGE_NO = E.ENTR_MANAGE_NO
      AND Q.CSTMR_CD = E.CSTMR_CD
      JOIN
      GOODS G ON Q.GOODS_NO = G.GOODS_NO
      LEFT JOIN
      USERR U ON Q.PBSVNT_CD = U.USER_CD
      WHERE
      Q.PBSVNT_CD IS NULL
      <if test="keyword!=null and keyword!=''">
         <if test="searchList==''">
            AND (
            Q.QRANT_REQUEST_CD LIKE '%' || #{keyword} || '%'
            OR Q.ENTR_MANAGE_NO LIKE '%' || #{keyword} || '%'
            OR Q.GOODS_NO LIKE '%' || #{keyword} || '%'
            OR THING_NM LIKE '%' || #{keyword} || '%'
            OR Q.REQUST_DE LIKE '%' || #{keyword} || '%'
            OR Q.REQUST_PLACE LIKE '%' || #{keyword} || '%'
            OR Q.QRANT_RESULT_AT LIKE '%' || #{keyword} || '%'
            )
         </if>
         <if test="searchList!=''">
            AND ${searchList} LIKE '%' || #{keyword} || '%'
         </if>
      </if>
      ORDER BY
      Q.REQUST_DE DESC
   </select>

      <!-- 문서 리스트 -->
      <select id="paperList" parameterType="hashMap">
      WITH T AS (
         SELECT
            ROW_NUMBER() OVER (PARTITION BY R.ENTR_MANAGE_NO ORDER BY R.ENTR_MANAGE_NO) AS RNUM,
            R.ENTR_MANAGE_NO,
            R.QRANT_RESULT_AT,
            I.ALL_QRANT_JUDG
         FROM
            QUARANTINE_REQUEST R
         JOIN
            QUARANTINE_ITEM I ON I.ENTR_MANAGE_NO = R.ENTR_MANAGE_NO
            WHERE 
          1=1 
            <if test="keyword!=null and keyword!=''">
                  <if test="searchList==''">
                     AND (
                     R.ENTR_MANAGE_NO LIKE '%' || #{keyword} || '%'
                     OR R.QRANT_RESULT_AT LIKE '%' || #{keyword} || '%'
                     OR I.ALL_QRANT_JUDG LIKE '%' || #{keyword} || '%'
                     )
                  </if>
               <if test="searchList!=''">
              AND ${searchList} LIKE '%' || #{keyword} || '%'
               </if>
            </if>
          ORDER BY ENTR_MANAGE_NO DESC
      ),
      K AS (
      SELECT ROWNUM RNUM1, ENTR_MANAGE_NO, QRANT_RESULT_AT, ALL_QRANT_JUDG FROM T
      WHERE QRANT_RESULT_AT='Y' AND RNUM = 1 
      )
      SELECT * FROM K
      WHERE  RNUM1 BETWEEN (#{currentPage} * 10) - 9 AND (#{currentPage} * 10)
      </select>
   <!-- 문서 리스트 페이징 -->
   <select id="getTotal4">
   SELECT COUNT(*)
   FROM (
       SELECT R.*, 
              ROW_NUMBER() OVER (PARTITION BY R.ENTR_MANAGE_NO ORDER BY R.ENTR_MANAGE_NO) AS row_num
       FROM QUARANTINE_REQUEST R
       JOIN QUARANTINE_ITEM I ON I.ENTR_MANAGE_NO = R.ENTR_MANAGE_NO

      <if test="keyword!=null and keyword!=''">
         <if test="searchList==''">
            AND (
            R.ENTR_MANAGE_NO LIKE '%' || #{keyword} || '%'
            OR R.QRANT_RESULT_AT LIKE '%' || #{keyword} || '%'
            OR I.ALL_QRANT_JUDG LIKE '%' || #{keyword} || '%'
            )
         </if>
         <if test="searchList!=''">
            AND ${searchList} LIKE '%' || #{keyword} || '%'
         </if>
      </if>
          WHERE R.QRANT_RESULT_AT = 'Y'
          
      ) sub
      WHERE sub.row_num = 1
      ORDER BY sub.ENTR_MANAGE_NO
   </select>

   <select id="getReady" parameterType="string"
      resultType="quarantineRequestVO">
      SELECT REQUST_DE, REQUST_PLACE, QRANT_REQUEST_CD, ENTR_MANAGE_NO, GOODS_NO,
      CSTMR_CD, QRANT_SE
      FROM QUARANTINE_REQUEST
      WHERE QRANT_REQUEST_CD = #{qrantRequestCd}
   </select>

   <insert id="qGetInsert" parameterType="quarantineItemVO">
      INSERT INTO QUARANTINE_ITEM (
      QRANT_IEM_NO,
      QRANT_REQUEST_CD,
      QRANT_IEM_NM,
      ENTR_MANAGE_NO,
      GOODS_NO,
      CSTMR_CD,
      QRANT_SE,
      INSPCT_SPCFCT,
      IEM_RESULT,
      IEM_JUDG,
      PACK_CONDT,
      ITM_AMO,
      KOREAN_INDICT_MATTER,
      CSTDY_CONDT,
      VISUAL_ABNOR_WHET,
      DECAY_DETERI_WHET,
      IMPUR_WHET,
      INSPCT_NOTE,
      ACT_ABNOR_WHET,
      ETP_SYMP,
      ANATO_SYMP,
      DETAIL_CN,
      INSPCT_DATE,
      INSPCT_AGEN,
      ALL_QRANT_JUDG
      ) VALUES (
      ('QUIT' || TO_CHAR(QUIT01001.NEXTVAL, 'FM00000')),
      #{qrantRequestCd},
      #{qrantIemNm},
      #{entrManageNo},
      #{goodsNo},
      #{cstmrCd},
      #{qrantSe},
      #{inspctSpcfct},
      #{iemResult},
      #{iemJudg},
      #{packCondt},
      #{itmAmo},
      #{koreanIndictMatter},
      #{cstdyCondt},
      #{visualAbnorWhet},
      #{decayDeteriWhet},
      #{impurWhet},
      #{inspctNote},
      #{actAbnorWhet},
      #{etpSymp},
      #{anatoSymp},
      #{detailCn},
      #{inspctDate},
      #{inspctAgen},
      #{allQrantJudg}
      )
   </insert>

   <update id="getQuarUpdate" parameterType="quarantineItemVO">
      UPDATE QUARANTINE_REQUEST
      SET QRANT_RESULT_AT = 'Y'
      WHERE ENTR_MANAGE_NO=#{entrManageNo} AND QRANT_REQUEST_CD=#{qrantRequestCd}
   </update>

   <select id="detailList" parameterType="quarantineItemVO"
      resultType="quarantineItemVO">
      SELECT
      QRANT_IEM_NO,
      QRANT_REQUEST_CD,
      QRANT_IEM_NM,
      ENTR_MANAGE_NO,
      GOODS_NO,
      CSTMR_CD,
      QRANT_SE,
      INSPCT_SPCFCT,
      IEM_RESULT,
      IEM_JUDG,
      PACK_CONDT,
      ITM_AMO,
      KOREAN_INDICT_MATTER,
      CSTDY_CONDT,
      VISUAL_ABNOR_WHET,
      DECAY_DETERI_WHET,
      IMPUR_WHET,
      INSPCT_NOTE,
      ACT_ABNOR_WHET,
      ETP_SYMP,
      ANATO_SYMP,
      DETAIL_CN,
      INSPCT_DATE,
      INSPCT_AGEN
      FROM QUARANTINE_ITEM
      WHERE QRANT_REQUEST_CD= #{qrantRequestCd}
   </select>

   <select id="quarModifyList" parameterType="quarantineItemVO"
      resultType="quarantineItemVO">
      SELECT
      QRANT_IEM_NO,
      QRANT_REQUEST_CD,
      QRANT_IEM_NM,
      ENTR_MANAGE_NO,
      GOODS_NO,
      CSTMR_CD,
      QRANT_SE,
      INSPCT_SPCFCT,
      IEM_RESULT,
      IEM_JUDG,
      PACK_CONDT,
      ITM_AMO,
      KOREAN_INDICT_MATTER,
      CSTDY_CONDT,
      VISUAL_ABNOR_WHET,
      DECAY_DETERI_WHET,
      IMPUR_WHET,
      INSPCT_NOTE,
      ACT_ABNOR_WHET,
      ETP_SYMP,
      ANATO_SYMP,
      DETAIL_CN,
      INSPCT_DATE,
      INSPCT_AGEN
      FROM QUARANTINE_ITEM
      WHERE QRANT_REQUEST_CD=
      #{qrantRequestCd} AND ENTR_MANAGE_NO=#{entrManageNo} AND
      CSTMR_CD=#{cstmrCd} AND GOODS_NO=#{goodsNo}
   </select>

   <delete id="quarDelete" parameterType="quarantineItemVO">
      DELETE
      FROM
      QUARANTINE_ITEM
      WHERE
      QRANT_REQUEST_CD='QURE0001' AND ENTR_MANAGE_NO='ENTR0016' AND GOODS_NO=1112 AND
      CSTMR_CD='CSTM0001'
   </delete>

   <select id="getTotal" resultType="int">
      SELECT COUNT(*)
      FROM QUARANTINE_REQUEST
   </select>

   <!-- 검사검역 배정 -->
   <update id="assignUpdate" parameterType="quarantineRequestVO">
      UPDATE QUARANTINE_REQUEST
      SET PBSVNT_CD = #{id}
      WHERE ENTR_MANAGE_NO=#{entrManageNo} AND QRANT_REQUEST_CD=#{qrantRequestCd}
   </update>

   <insert id="entAssignUpdate" parameterType="quarantineRequestVO">
      INSERT INTO ENTRY_PROCESS_STATUS
      (
      ENTR_MANAGE_NO
      , USER_CD
      , PROCESS_STTUS
      , PROCESS_DE
      , ENPRSTNO
      )
      VALUES
      (
      #{entrManageNo}
      , #{id}
      , 'EPS6'
      , SYSDATE
      , (SELECT MAX(ENPRSTNO) FROM ENTRY_PROCESS_STATUS) + 1
      )
   </insert>
   <insert id="quarStuUpdate" parameterType="quarantineItemVO">
      INSERT INTO ENTRY_PROCESS_STATUS
      (
      ENTR_MANAGE_NO,
      USER_CD,
      PROCESS_STTUS,
      PROCESS_DE,
      ENPRSTNO
      )
      SELECT
      #{entrManageNo},
      #{id},
      'EPS7',
      SYSDATE,
      COALESCE((SELECT MAX(ENPRSTNO) FROM ENTRY_PROCESS_STATUS), 0) + 1
      FROM
      QUARANTINE_REQUEST QRANT
      WHERE
      QRANT.ENTR_MANAGE_NO IN (
      SELECT ENTR_MANAGE_NO
      FROM QUARANTINE_REQUEST
      WHERE QRANT_RESULT_AT = 'Y'
      GROUP BY ENTR_MANAGE_NO
      HAVING COUNT(*) = (
      SELECT COUNT(*)
      FROM QUARANTINE_REQUEST
      WHERE ENTR_MANAGE_NO = QRANT.ENTR_MANAGE_NO
      )
      )
      AND ROWNUM = 1
   </insert>
   <!-- 전표 -->
   <select id="getChitPaper" parameterType="quarantineRequestVO">
      SELECT
      I.QRANT_IEM_NO,
      I.INSPCT_AGEN,
      U.USER_NM,
      R.QRANT_SE,
      I.ALL_QRANT_JUDG,
      C.BIZRNO,
      C.ENTRPRS_NM,
      C.CHARGER,
      C.REPRSNT_ADRES,
      R.ENTR_MANAGE_NO,
      C.MFRC_REALM_SE,
      I.INSPCT_DATE,
      E.THING_NM,
      E.QY
      FROM
      QUARANTINE_REQUEST R
      JOIN
      USERR U ON U.USER_CD = R.PBSVNT_CD
      JOIN
      QUARANTINE_ITEM I ON I.ENTR_MANAGE_NO = R.ENTR_MANAGE_NO
      AND I.GOODS_NO = R.GOODS_NO
      AND I.CSTMR_CD = R.CSTMR_CD
      JOIN
      CUSTOMER C ON C.CSTMR_CD = R.CSTMR_CD
      JOIN
      ENTRY_THING E ON E.ENTR_MANAGE_NO = R.ENTR_MANAGE_NO
      AND E.GOODS_NO = R.GOODS_NO
      AND E.CSTMR_CD = R.CSTMR_CD
      WHERE
      R.ENTR_MANAGE_NO = #{entrManageNo}
   </select>

   <!-- 검사서 -->
   <select id="getQuarPaper" parameterType="quarantineItemVO">
      SELECT
      C.ENTRPRS_NM,
      C.CHARGER,
      C.REPRSNT_ADRES,
      I.ENTR_MANAGE_NO,
      I.INSPCT_DATE,
      I.INSPCT_AGEN,
      U.USER_NM,
      I.QRANT_IEM_NM,
      I.INSPCT_SPCFCT,
      I.IEM_RESULT,
      I.IEM_JUDG,
      I.PACK_CONDT,
      I.ITM_AMO,
      I.KOREAN_INDICT_MATTER,
      I.CSTDY_CONDT,
      I.VISUAL_ABNOR_WHET,
      I.DECAY_DETERI_WHET,
      I.IMPUR_WHET,
      I.INSPCT_NOTE,
      I.ACT_ABNOR_WHET,
      I.ETP_SYMP,
      I.ANATO_SYMP,
      I.DETAIL_CN,
      R.PBSVNT_CD,
      I.CSTMR_CD,
      I.QRANT_SE,
      I.QRANT_IEM_NO,
      I.QRANT_REQUEST_CD,
      I.GOODS_NO,
      I.ALL_QRANT_JUDG,
      D.THING_NM
      FROM
      QUARANTINE_ITEM I
      JOIN QUARANTINE_REQUEST R ON R.QRANT_REQUEST_CD = I.QRANT_REQUEST_CD
      JOIN USERR U ON R.PBSVNT_CD = U.USER_CD
      JOIN CUSTOMER C ON C.CSTMR_CD = I.CSTMR_CD
      LEFT JOIN ENTRY_THING D ON R.ENTR_MANAGE_NO = D.ENTR_MANAGE_NO and
      D.GOODS_NO = I.GOODS_NO and D.CSTMR_CD = I.CSTMR_CD
      WHERE
      I.ENTR_MANAGE_NO =#{entrManageNo}
   </select>

</mapper>