<?xml version="1.0" encoding="UTF-8"?>
<beans xmlns="http://www.springframework.org/schema/beans"
   xmlns:xsi="http://www.w3.org/2001/XMLSchema-instance"
   xmlns:context="http://www.springframework.org/schema/context"
   xmlns:mybatis-spring="http://mybatis.org/schema/mybatis-spring"
   xmlns:aop="http://www.springframework.org/schema/aop"
   xmlns:tx="http://www.springframework.org/schema/tx"
   xsi:schemaLocation="http://mybatis.org/schema/mybatis-spring http://mybatis.org/schema/mybatis-spring-1.2.xsd
      http://www.springframework.org/schema/beans http://www.springframework.org/schema/beans/spring-beans.xsd
      http://www.springframework.org/schema/context http://www.springframework.org/schema/context/spring-context-4.1.xsd
      http://www.springframework.org/schema/aop http://www.springframework.org/schema/aop/spring-aop-4.1.xsd
      http://www.springframework.org/schema/tx http://www.springframework.org/schema/tx/spring-tx-4.1.xsd">
      
	<!-- Root Context: defines shared resources visible to all other web components -->
	
	<bean id="dataSource" 
		class="org.apache.commons.dbcp2.BasicDataSource" 
		destroy-method="close">
		<property name="driverClassName" 
		value="oracle.jdbc.driver.OracleDriver" />
		<property name="url" 
		value="jdbc:oracle:thin:@112.220.114.130:1521:xe" />
		<property name="username" value="team4_202309F" />
		<property name="password" value="java" />
	</bean>
	<!-- 데이터베이스와 연결을 맺고 끊어질 때까지의 
	라이프 사이클을 관리해주는 sqlSession 객체를 생성-->
	<bean id="sqlSessionFactory"
	class="org.mybatis.spring.SqlSessionFactoryBean">
		<property name="dataSource" ref="dataSource"></property>
		<property name="mapperLocations"
		value="classpath:/sqlmap/**/*_SQL.xml" />
		<property name="configLocation"
		 value="/WEB-INF/mybatisAlias/mybatisAlias.xml" />
	</bean>
	<!-- 데이터베이스에 개별적으로 쿼리를 실행시키는 객체.
		이 객체를 통해 query를 실행함
	 -->
	<bean id="sqlSessionTemplate"
	class="org.mybatis.spring.SqlSessionTemplate">
		<constructor-arg index="0" ref="sqlSessionFactory" />
	</bean>
	
	<!--Mapper 인터페이스 설정  -->
	<bean class="org.mybatis.spring.mapper.MapperScannerConfigurer">
      <property name="basePackage" value="com.team4.cbs.**.mapper" />
   </bean>
   
   <!-- 트랜잭션 어노테이션 사용하겠다는 설정 아래 트랜잭션 관리자의 빈에 삽입됨. -->
   <tx:annotation-driven transaction-manager="transactionManager"/>
   
   <!-- 트랜잭션 관리자의 빈을 정의 -->
   <bean id="transactionManager" 
      class="org.springframework.jdbc.datasource.DataSourceTransactionManager">
      <property name="dataSource" ref="dataSource"></property>
   </bean>
   
   <!--시큐리티.xml로 경로이동 -->
   <import resource="security-context.xml"/>
</beans>
