<!-- <?xml version="1.0" encoding="UTF-8" ?>
<!DOCTYPE configuration
  PUBLIC "-//mybatis.org//DTD Config 3.0//EN"
  "http://mybatis.org/dtd/mybatis-3-config.dtd">
<configuration>
	
	[마이바티스] 스프링에서 "_"를 사용한 컬럼명을 사용 시(BOOK 테이블의 BOOK_ID)
	카멜케이스로 읽어줌(bookId)
	ex) 테이블 컬러명이 member_id인 경우 jsp화면단에서 이 값을 사용 시 memberId로 사용
	
	<settings>
		<setting name="mapUnderscoreToCamelCase" value="true"/>
		<setting name="jdbcTypeForNull" value="VARCHAR"/>
	</settings>
	자주 사용하는 타입의 별칭을 세팅
	<typeAliases>
		<typeAlias type="com.team4.cbs.admin.vo.CustomsBrokerVO" alias="customsBrokerVO"/>	
		<typeAlias type="com.team4.cbs.admin.vo.PublicServantVO" alias="publicServantVO"/>	
		<typeAlias type="com.team4.cbs.admin.vo.CustomerVO" alias="customerVO"/>	
		<typeAlias type="com.team4.cbs.admin.vo.ChargeCustomerVO" alias="chargeCustomerVO"/>	
		<typeAlias type="com.team4.cbs.common.vo.UserVO" alias="userVO"/>	
		<typeAlias type="com.team4.cbs.admin.vo.NoticeVO" alias="noticeVO"/>	
		<typeAlias type="com.team4.cbs.common.vo.UserAuthVO" alias="userAuthVO"/>	
		<typeAlias type="com.team4.cbs.pbsvnt.bounded.vo.BoundedReqVO" alias="boundedReqVO"/>
		<typeAlias type="com.team4.cbs.pbsvnt.bounded.vo.UseBoundedWarehouseVO" alias="useBoundedWarehouseVO"/>
		<typeAlias type="com.team4.cbs.pbsvnt.bounded.vo.BoundedWarehouseVO" alias="boundedWarehouseVO"/>
		<typeAlias type="com.team4.cbs.trnsprt.vo.TrnsprtCompanyVO" alias="trnsprtCompanyVO"/>
		<typeAlias type="com.team4.cbs.trnsprt.vo.ShipInfomationVO" alias="shipinformationVO"/>
		<typeAlias type="com.team4.cbs.cstbrkr.vo.CustomerVO" alias="customerVO2"/>	
		<typeAlias type="com.team4.cbs.cstbrkr.vo.ChargeCustomerVO" alias="chargeCustomerVO2"/>
	</typeAliases>
</configuration>
 -->